<?xml version="1.0" encoding="UTF-8"?>
<project-private xmlns="http://www.netbeans.org/ns/project-private/1">
    <editor-bookmarks xmlns="http://www.netbeans.org/ns/editor-bookmarks/2" lastBookmarkId="0"/>
    <open-files xmlns="http://www.netbeans.org/ns/projectui-open-files/2">
        <group>
            <file>file:/home/daw2017/NetBeansProjects/Institut/src/cat/iesjoaquimmir/carlos/institut/model/persistence/utilities/JDBCUtils.java</file>
            <file>file:/home/daw2017/NetBeansProjects/Institut/src/cat/iesjoaquimmir/carlos/institut/model/persistence/daos/impl/jdbc/AlumneMySQLDAO.java</file>
            <file>file:/home/daw2017/NetBeansProjects/Institut/src/cat/iesjoaquimmir/carlos/institut/views/Application.java</file>
            <file>file:/home/daw2017/NetBeansProjects/Institut/src/cat/iesjoaquimmir/carlos/institut/model/persistence/exception/PersistenceException.java</file>
        </group>
    </open-files>
</project-private>
